{
	"drif_Normal_Speed": 3.059999942779541,
	"drif_Dash_Speed": 5.820000171661377,
	"drif_Normal_MaxVar": 1.7999999523162842,
	"drif_Normal_MinVar": 0.10000000149011612,
	"drif_Normal_DefaultTouch": 0.10000000149011612,
	"drif_Normal_touchMin_BallControl_Weight": 1.4999999621068127e-05,
	"drif_Normal_touchMax_BallControl_Weight": 9.9999997473787516e-06,
	"drif_DefaultTurnSpd": 0.69999998807907104,
	"drif_TurnSpdVar": 150,
	"drif_Dash_MaxVar": 1.6000000238418579,
	"drif_Normal_AccVar": 250,
	"drif_Dash_AccVar": 90,
	"drif_Dash_Touch_Default": 0.30000001192092896,
	"drif_Dash_touchMin_BallControl_Weight": 9.9999997473787516e-06,
	"drif_Dash_touchMax_BallControl_Weight": 1.4999999621068127e-05,
	"drif_SpdDrbVar": 0.5,
	"firstTouch_Default": 0.10000000149011612,
	"firstTouch_MinVar": 1300,
	"firstTouch_MaxVar": 2100,
	"firstTouch_SpdVar": 50,
	"tacklePass_Var": 100,
	"dribble_AnimRate_normal": 4,
	"dribble_AnimRate_dash": 5,
	"drif_Dash_Curve_spdmax_ratio": 0.30000001192092896,
	"drif_Dash_Curve_Agility_Weight": 0.05000000074505806,
	"drif_Dash_Dec_Default": 0.05000000074505806,
	"drif_Dash_Dec_Agility_Weight": 0.02500000037252903,
	"dris_Normal_Speed": 2.5,
	"dris_Normal_AccVar": 200,
	"dris_Normal_MaxVar": 2.059999942779541,
	"dris_Normal_MinVar": 0.20000000298023224,
	"dris_Normal_DefaultTurnSpd": 0.89999997615814209,
	"dris_Normal_TurnSpdVar": 150,
	"dris_Normal_touchMinVar": 1250,
	"dris_Normal_touchMaxVar": 2500,
	"dris_Normal_DefaultTouch": 0.10000000149011612,
	"feint_Penentrate_Buff_TouchDist_Skills_Weight": 0.0020000000949949026,
	"feint_Keep_Buff_TouchDist_Skills_Weight": 0.004999999888241291,
	"feint_Penentrate_Buff_MinSpeed_Skills_Weight": 0.019999999552965164,
	"feint_Penentrate_Buff_MaxSpeed_Skills_Weight": 0.039999999105930328,
	"feint_Penentrate_Buff_Acc_Skills_Weight": 9.9999997473787516e-05,
	"dribbleFeint_Input_Limit": 0.20000000298023224,
	"hustle_Long_Dribble_ActivateRate_Default": 0.10000000149011612,
	"hustle_Long_Dribble_ActivateRate_Bravery_Ratio": 0.80000001192092896,
	"hustle_Long_Dribble_ActivateRate_Bravery_Weight": 0.0080000003799796104,
	"dribFeintAfterDelay": 0.20000000298023224,
	"drib_MAX_AR": 0.135,
	"drib_MAX_RMS": 0.12,
	"drib_ForwardRunDelay": 0.33000001311302185,
	"drib_AirRunDelay": 0.35,
	"drib_AirHeight": 40,
	"t_total_Default_toN_0": 1,
	"t_total_Default_toN_22": 1.059999942779541,
	"t_total_Default_toN_45": 1.1000000238418579,
	"t_total_Default_toN_90": 1.1200000047683716,
	"t_total_Default_toN_135": 1.0499999523162842,
	"t_total_Default_toN_180": 1.0499999523162842,
	"t_total_Default_toD_0": 2,
	"t_total_Default_toD_22": 2.0999999046325684,
	"t_total_Default_toD_45": 2.1500000953674316,
	"t_total_Default_toD_90": 2.1500000953674316,
	"t_total_Default_toD_135": 1.6000000238418579,
	"t_total_Default_toD_180": 1.6000000238418579,
	"t_Skill_weight_toN": 0.0099999997764825821,
	"t_Skill_weight_toD": 1.5,
	"t2_Min": 0.34999999403953552,
	"t2_Max": 2.5,
	"t_adj_charging": 1.1499999761581421,
	"drib_Inner_Stat_DR_Ratio": 0.72,
	"drib_Inner_Stat_BC_Ratio": 0.72,
	"drib_Norm_Spd_Min": 0.80000001192092896,
	"drib_Norm_Spd_Mid": 1,
	"drib_Norm_Spd_Max": 1.152000000476837158,
	"drib_Norm_Skill_Min": 1,
	"drib_Norm_Skill_Mid": 1.1000000238418579,
	"drib_Norm_Skill_Max": 1.2000000476837158,
	"drib_Run_Foward_Spd_Default": 800,
	"drib_Run_Backward_Spd_Default": 350,
	"drib_Run_Acc_Default": 1800,
	"drib_Run_Acc_Min_Ratio": 0.30000001192092896,
	"drif_Angle_Spd_Default": 420,
	"drib_Run_Dash_Spd_Ratio": 1,
	"drib_Run_Normal_Spd_Ratio": 0.68999999761581421,
	"drib_Anim_Default": 0.7369999885559082,
	"drif_Anim_Weight": 0.60000002384185791,
	"dribbleTouchInterval_0": 2.7000000476837158,
	"dribbleTouchInterval_45": 2.4000000953674316,
	"dribbleTouchInterval_90": 2.0999999046325684,
	"dribbleTouchInterval_135": 1.5,
	"dribbleTouchInterval_180": 1.3999999761581421,
	"drisTouchInterval_Front": 0.20000000298023224,
	"drisTouchInterval_Side": 0.31999999284744263,
	"drisTouchInterval_Back": 0.20000000298023224,
	"drif_Touch_Error_Time_min": 0.10000000149011612,
	"drif_Touch_Error_Time_Max": 0.20000000298023224,
	"drif_Normal_Touch_Error_Time_Weight": 0.20000000298023224,
	"drif_Dash_Touch_Error_Time_Weight": 0.44999998807907104,
	"dris_Acc_Default": 4000,
	"dris_Acc_Weight": 0.25,
	"dris_CST_Spd_Ratio": 0.58700001239776611,
	"dris_FST_Spd_Ratio": 0.75,
	"drif_Root_Ratio": 0.30000001192092896,
	"drif_Root_Skill_Default": 0.80000001192092896,
	"drif_Root_Skill_Weight": 0.40000000596046448,
	"drif_Root_Spd_Default": 0.80000001192092896,
	"drif_Root_Spd_Weight": 0.40000000596046448,
	"dribbleAnimRate": 1,
	"dribbleRootMotion": 1,
	"chaseBallDashTime": 0.30000001192092896,
	"ballChasingTargetTime": 0.33000001311302185,
	"ballChasingTime": 0.20000000298023224,
	"ballChasingTargetTouchDist": 73,
	"ballChasingTargetHalfIntervalOfFeet": 15,
	"shortTouchDist": 30,
	"midTouchDist": 145,
	"dashMidTouchDist": 190,
	"longTouchDist": 220,
	"longestTouchDist": 300,
	"riciveTouchDist": 90,
	"headerTouchDist": 50,
	"hustleHeaderTouchDist": 200,
	"prob_Drib_BBBD_Default": 0.25000007152557373,
	"prob_Drib_BBBD_Weight": 0.20000000298023224,
	"prob_FailedTackle_BBBD_Default": 0.40000007152557373,
	"prob_FailedTackle_BBBD_Weight": 0.20000000298023224,
	"hustle_Drib_Prob_Bravery_Ratio": 0.69999998807907104,
	"hustle_Drib_Prob_Default": 0.10000000149011612,
	"hustle_Drib_Prob_Weight": 0.05000000074505806,
	"hustle_Drib_Anim_Default": 1,
	"hustle_Drib_Anim_Weight": 0.5,
	"kickFeint_Touch_SamplingTime": 0.30000001192092896,
	"kickFeint_Touch_BaseDistance": 250,
	"kickFeint_Touch_ScaleFromAngle_Max": 1.0,
	"kickFeint_Touch_ScaleFromAngle_Min": 0.64999997615814209,
	"kickFeint_Touch_ScaleFromRunType_Dash": 1.07
}